https://github.com/jiheeyy/psych/blob/main/test_0003_aligned.png																									
https://github.com/jiheeyy/psych/blob/main/test_0009_aligned.png																									
https://github.com/jiheeyy/psych/blob/main/test_0010_aligned.png																									
https://github.com/jiheeyy/psych/blob/main/test_0012_aligned.png																									
https://github.com/jiheeyy/psych/blob/main/test_0013_aligned.png																									
https://github.com/jiheeyy/psych/blob/main/test_0014_aligned.png																									
https://github.com/jiheeyy/psych/blob/main/test_0016_aligned.png																									
https://github.com/jiheeyy/psych/blob/main/test_0019_aligned.png																									
https://github.com/jiheeyy/psych/blob/main/test_0020_aligned.png																									
https://github.com/jiheeyy/psych/blob/main/test_0021_aligned.png																									
https://github.com/jiheeyy/psych/blob/main/test_0025_aligned.png																									
https://github.com/jiheeyy/psych/blob/main/test_0026_aligned.png																									
https://github.com/jiheeyy/psych/blob/main/test_0028_aligned.png																									
https://github.com/jiheeyy/psych/blob/main/test_0029_aligned.png																									
https://github.com/jiheeyy/psych/blob/main/test_0032_aligned.png																									
https://github.com/jiheeyy/psych/blob/main/test_0033_aligned.png																									
https://github.com/jiheeyy/psych/blob/main/test_0038_aligned.png																									
https://github.com/jiheeyy/psych/blob/main/test_0040_aligned.png																									
